Hilos,Tiempo_Medio_ms,Desviacion_ms
1,1121.394111,7.21617921061
2,583.4880085,9.40925966558
3,413.1773771,11.0533910551
4,336.5798039,5.75395436227
5,288.5424295,4.26627303942
6,254.8957985,5.00584416387
7,232.5639983,2.67168995809
8,214.7335256,9.10787723462
9,244.4153892,7.76102006243
10,224.9631799,8.42681923046
11,215.5318288,7.43585428212
12,208.2317955,6.25562722362
13,203.5949662,2.20775111658
14,194.7081197,1.56958040519
15,186.076483,1.35618723866
16,179.2509421,1.51591729745
