NumReplicas,NumAssets,NumSteps,N,PathDim,TimeRowMs,TimeColMs,SpeedupColOverRow,VaR99Row,VaR99Col
16,64,50,1000,3250,88.4011,91.9467,1.0401080982,-206835.403738,-206835.403738
32,128,50,500,6450,94.0613,97.5338,1.03691741449,-416755.165514,-416755.165514
64,256,50,250,12850,115.6056,118.9593,1.02900984035,-842726.255903,-842726.255903
128,512,50,125,25650,167.9754,173.7781,1.03454493932,-1655330.95329,-1655330.95329
256,1024,50,100,51250,510.7433,675.4125,1.32241088625,-3289745.57291,-3289745.57291
512,2048,50,50,102450,957.4538,1298.8373,1.35655349637,-6654562.29496,-6654562.29496
1024,4096,50,30,204850,2745.2769,3553.3647,1.29435566226,-13261920.0487,-13261920.0487
2048,8192,50,20,409650,14017.2959,15498.4873,1.10566884016,-23499115.0313,-23499115.0313
